{
  "source_file": "KODIM21_SPDR_FB2_J_FIN.jpg",
  "format": "JPEG",
  "resolution": "2048x1366",
  "pixels": 2797568,
  "file_size_bytes": 499308,
  "bpp": 1.428,
  "correlations": {
    "R_G": 0.890555,
    "R_B": 0.679793,
    "G_B": 0.928731,
    "avg_abs_r": 0.833
  },
  "channel_stats": {
    "R": {
      "mean": 110.8914,
      "std": 40.8706,
      "min": 0,
      "max": 255
    },
    "G": {
      "mean": 118.0892,
      "std": 44.0209,
      "min": 0,
      "max": 255
    },
    "B": {
      "mean": 114.9987,
      "std": 47.1038,
      "min": 0,
      "max": 255
    }
  },
  "PC1_pct": 89.3,
  "PC2_pct": 10.44,
  "PC3_pct": 0.26,
  "eigenvalues": {
    "PC1": 5203.3822,
    "PC2": 608.3257,
    "PC3": 15.3075
  },
  "condition_number": 339.92,
  "theta2": 41.95,
  "theta3": 40.07,
  "loo_dev": 0.32,
  "spatial_autocorrelation_avg": 0.99032,
  "sha256": "1d65bca7793fe84b9ea0fe28456dda96bc50d0fd375fc4ee07476ee96a8de545"
}