{
  "source_file": "KODIM06_SPDR_FB2_J_FIN.jpg",
  "format": "JPEG",
  "resolution": "2048x1366",
  "pixels": 2797568,
  "file_size_bytes": 528997,
  "bpp": 1.513,
  "correlations": {
    "R_G": 0.973701,
    "R_B": 0.960242,
    "G_B": 0.992201,
    "avg_abs_r": 0.9754
  },
  "channel_stats": {
    "R": {
      "mean": 132.5715,
      "std": 65.5512,
      "min": 0,
      "max": 255
    },
    "G": {
      "mean": 139.2262,
      "std": 59.3754,
      "min": 0,
      "max": 255
    },
    "B": {
      "mean": 109.4894,
      "std": 49.7935,
      "min": 0,
      "max": 255
    }
  },
  "PC1_pct": 98.32,
  "PC2_pct": 1.5,
  "PC3_pct": 0.18,
  "eigenvalues": {
    "PC1": 10129.0653,
    "PC2": 154.1562,
    "PC3": 18.5711
  },
  "condition_number": 545.42,
  "theta2": 63.97,
  "theta3": 61.66,
  "loo_dev": -0.19,
  "spatial_autocorrelation_avg": 0.992029,
  "sha256": "d0a2073c4116a8f1977227e69d3ca7852a730415e9fb4f7de93ccbf5e5ab9292"
}