{
  "source_file": "KODIM17_SPDR_FB1_J_FIN.jpg",
  "format": "JPEG",
  "resolution": "1366x2048",
  "pixels": 2797568,
  "file_size_bytes": 423920,
  "bpp": 1.212,
  "correlations": {
    "R_G": 0.983097,
    "R_B": 0.937441,
    "G_B": 0.982708,
    "avg_abs_r": 0.9677
  },
  "channel_stats": {
    "R": {
      "mean": 81.9345,
      "std": 45.7368,
      "min": 0,
      "max": 255
    },
    "G": {
      "mean": 76.8723,
      "std": 49.3369,
      "min": 0,
      "max": 255
    },
    "B": {
      "mean": 69.0727,
      "std": 46.7823,
      "min": 0,
      "max": 255
    }
  },
  "PC1_pct": 97.94,
  "PC2_pct": 1.99,
  "PC3_pct": 0.06,
  "eigenvalues": {
    "PC1": 6576.5559,
    "PC2": 133.8642,
    "PC3": 4.1512
  },
  "condition_number": 1584.24,
  "theta2": 39.94,
  "theta3": 38.09,
  "loo_dev": 0.36,
  "spatial_autocorrelation_avg": 0.996057,
  "sha256": "599c03d73b9fc1bd28b0822436678ee41c9a54c7b29851f5f039dbefba09a902"
}