{
  "source_file": "KODIM02_SPDR_FB1_J_FIN.jpg",
  "format": "JPEG",
  "resolution": "2048x1366",
  "pixels": 2797568,
  "file_size_bytes": 620701,
  "bpp": 1.775,
  "correlations": {
    "R_G": 0.520123,
    "R_B": 0.348509,
    "G_B": 0.969049,
    "avg_abs_r": 0.6126
  },
  "channel_stats": {
    "R": {
      "mean": 139.0677,
      "std": 27.1,
      "min": 0,
      "max": 255
    },
    "G": {
      "mean": 54.8366,
      "std": 21.9495,
      "min": 0,
      "max": 255
    },
    "B": {
      "mean": 28.0858,
      "std": 22.7726,
      "min": 0,
      "max": 246
    }
  },
  "PC1_pct": 72.13,
  "PC2_pct": 27.51,
  "PC3_pct": 0.36,
  "eigenvalues": {
    "PC1": 1251.3305,
    "PC2": 477.2261,
    "PC3": 6.2288
  },
  "condition_number": 200.89,
  "theta2": 62.6,
  "theta3": 60.68,
  "loo_dev": 0.2,
  "spatial_autocorrelation_avg": 0.978367,
  "sha256": "c2a207398931f61917c41f190750eb5112781a5a19fb7a1d771e3960f550458a"
}