{
  "source_file": "KODIM05_SPDR_FB1_J_FIN.jpg",
  "format": "JPEG",
  "resolution": "2048x1366",
  "pixels": 2797568,
  "file_size_bytes": 488022,
  "bpp": 1.396,
  "correlations": {
    "R_G": 0.875786,
    "R_B": 0.851494,
    "G_B": 0.94121,
    "avg_abs_r": 0.8895
  },
  "channel_stats": {
    "R": {
      "mean": 95.7883,
      "std": 49.76,
      "min": 0,
      "max": 255
    },
    "G": {
      "mean": 82.6627,
      "std": 51.8401,
      "min": 0,
      "max": 255
    },
    "B": {
      "mean": 70.2158,
      "std": 45.255,
      "min": 0,
      "max": 255
    }
  },
  "PC1_pct": 92.7,
  "PC2_pct": 5.44,
  "PC3_pct": 1.86,
  "eigenvalues": {
    "PC1": 6684.8938,
    "PC2": 392.2185,
    "PC3": 134.3655
  },
  "condition_number": 49.75,
  "theta2": 67.7,
  "theta3": 65.83,
  "loo_dev": 0.23,
  "spatial_autocorrelation_avg": 0.983034,
  "sha256": "2879895da93a0e97b59c3f58ff49754522d8d8ed91b31783b90a6faa6ff5c525"
}