{
  "source_file": "KODIM23_SPDR_FB1_J_FIN.jpg",
  "format": "JPEG",
  "resolution": "2048x1366",
  "pixels": 2797568,
  "file_size_bytes": 356300,
  "bpp": 1.019,
  "correlations": {
    "R_G": 0.60839,
    "R_B": 0.445575,
    "G_B": 0.660397,
    "avg_abs_r": 0.5715
  },
  "channel_stats": {
    "R": {
      "mean": 122.0424,
      "std": 57.1405,
      "min": 0,
      "max": 255
    },
    "G": {
      "mean": 109.2967,
      "std": 50.487,
      "min": 0,
      "max": 255
    },
    "B": {
      "mean": 76.2693,
      "std": 51.3549,
      "min": 0,
      "max": 255
    }
  },
  "PC1_pct": 71.2,
  "PC2_pct": 19.59,
  "PC3_pct": 9.21,
  "eigenvalues": {
    "PC1": 6017.4934,
    "PC2": 1655.5355,
    "PC3": 778.277
  },
  "condition_number": 7.73,
  "theta2": 51.18,
  "theta3": 49.14,
  "loo_dev": 0.13,
  "spatial_autocorrelation_avg": 0.997878,
  "sha256": "26332bd83bdf1ce82a9f03e861e799f1f6b8f4371c3002a0c4d53c74cd9c9ef5"
}