{
  "source_file": "KODIM12_SPDR_FB1_J_FIN.jpg",
  "format": "JPEG",
  "resolution": "2048x1366",
  "pixels": 2797568,
  "file_size_bytes": 386802,
  "bpp": 1.106,
  "correlations": {
    "R_G": 0.900842,
    "R_B": 0.872953,
    "G_B": 0.972746,
    "avg_abs_r": 0.9155
  },
  "channel_stats": {
    "R": {
      "mean": 161.0949,
      "std": 40.2212,
      "min": 0,
      "max": 255
    },
    "G": {
      "mean": 167.907,
      "std": 50.076,
      "min": 0,
      "max": 255
    },
    "B": {
      "mean": 139.6079,
      "std": 46.5581,
      "min": 0,
      "max": 254
    }
  },
  "PC1_pct": 95.01,
  "PC2_pct": 4.06,
  "PC3_pct": 0.93,
  "eigenvalues": {
    "PC1": 5979.1881,
    "PC2": 255.5731,
    "PC3": 58.2516
  },
  "condition_number": 102.64,
  "theta2": 62.53,
  "theta3": 60.8,
  "loo_dev": 0.39,
  "spatial_autocorrelation_avg": 0.996188,
  "sha256": "0c673c427149db6f34b954a0d80b03f665634f6c9447b10c73d64493cf2c8b90"
}