{
  "source_file": "KODIM04_SPDR.jpg",
  "format": "JPEG",
  "resolution": "1707x2560",
  "pixels": 4369920,
  "file_size_bytes": 2532713,
  "bpp": 4.637,
  "correlations": {
    "R_G": 0.547957,
    "R_B": 0.652993,
    "G_B": 0.959417,
    "avg_abs_r": 0.7201
  },
  "channel_stats": {
    "R": {
      "mean": 134.6129,
      "std": 34.6285,
      "min": 1,
      "max": 255
    },
    "G": {
      "mean": 84.7995,
      "std": 44.5039,
      "min": 0,
      "max": 255
    },
    "B": {
      "mean": 79.3332,
      "std": 44.7267,
      "min": 0,
      "max": 255
    }
  },
  "PC1_pct": 85.58,
  "PC2_pct": 13.22,
  "PC3_pct": 1.19,
  "eigenvalues": {
    "PC1": 4433.4656,
    "PC2": 685.0369,
    "PC3": 61.7062
  },
  "condition_number": 71.85,
  "theta2": 80.99,
  "theta3": 78.19,
  "loo_dev": -0.75,
  "spatial_autocorrelation_avg": 0.996763,
  "sha256": "ff39a28f1a1308995c7e96abd9d1e395a751ee38d6f53a5452166ced042d3786"
}