{
  "source_file": "KODIM10_SPDR.jpg",
  "format": "JPEG",
  "resolution": "1707x2560",
  "pixels": 4369920,
  "file_size_bytes": 2438852,
  "bpp": 4.465,
  "correlations": {
    "R_G": 0.948206,
    "R_B": 0.895208,
    "G_B": 0.976203,
    "avg_abs_r": 0.9399
  },
  "channel_stats": {
    "R": {
      "mean": 114.6442,
      "std": 39.9003,
      "min": 0,
      "max": 255
    },
    "G": {
      "mean": 124.8538,
      "std": 40.8367,
      "min": 0,
      "max": 255
    },
    "B": {
      "mean": 118.8962,
      "std": 34.3162,
      "min": 0,
      "max": 255
    }
  },
  "PC1_pct": 96.14,
  "PC2_pct": 3.44,
  "PC3_pct": 0.41,
  "eigenvalues": {
    "PC1": 4266.213,
    "PC2": 152.7382,
    "PC3": 18.324
  },
  "condition_number": 232.82,
  "theta2": 54.66,
  "theta3": 52.64,
  "loo_dev": 0.13,
  "spatial_autocorrelation_avg": 0.995228,
  "sha256": "a8c6bff97d5059eb61111c0cb931b10ce633d0ef8cfe7db12646edf8da789dec"
}